{
  "mean": [
    1205.533638468803,
    1707.9502837672396,
    1962.6425762140145,
    -628.0876638951329,
    158.99754980141276,
    51.03731633960582,
    -4.473666831850587,
    -1.5507562594300444,
    9.796152133370674,
    9.302022665497079,
    4.615575444796624,
    1.7896622410492267,
    2.9077140200066425,
    5.457984166777588,
    3.32157610304928,
    -2.464689933441433,
    0.009771879380386761
  ],
  "std": [
    292.1475116691748,
    524.8911301960095,
    508.3853352122539,
    26.818958812123856,
    8.198939558374638,
    13.628267969949976,
    10.64757886279632,
    6.976298485881593,
    5.408436117334818,
    3.6047947064681836,
    3.9474233895871236,
    2.3487115645014915,
    3.1787907157224837,
    2.7468581772574945,
    3.208243772303436,
    3.087879926780952,
    0.0036758372230322432
  ],
  "feature_count": 17
}