{
  "mean": [
    1205.4149816620254,
    1707.777675197179,
    1962.4580475106786,
    -628.0388395595395,
    158.9850116554857,
    51.033607409817854,
    -4.473121864633713,
    -1.5502330412049103,
    9.79599240476015,
    9.301428155745615,
    4.615016755373725,
    1.7896991703979275,
    2.907832389066565,
    5.4575438516920745,
    3.321200420825575,
    -2.4643932555596826,
    0.009771398735589472
  ],
  "std": [
    292.31309603831517,
    525.071143726479,
    508.6473525367722,
    27.359380329998917,
    8.31239436089727,
    13.63536982120306,
    10.647620311919605,
    6.976150969087129,
    5.408693705374817,
    3.605669534421623,
    3.9475450333652966,
    2.348679524287998,
    3.178652802529139,
    2.74725853176693,
    3.2083369677317526,
    3.087925096021361,
    0.003676693284201149
  ],
  "feature_count": 17
}